date,weekday,platform,type,product_id,product,sub_id,file,status
2026-10-02,五,Threads,反直覺觀點,P001,免釘壁掛收納架（3入）,th_home_202610_p001,posts/P001/threads_hot_take.txt,scheduled
2026-10-02,五,Threads,抱怨文,P002,衣櫃分層伸縮隔板,th_home_202610_p002,posts/P002/threads_rant.txt,scheduled
2026-10-02,五,Instagram,輪播圖文,P003,真空壓縮收納袋（8入）,ig_home_202610_p003,posts/P003/instagram_carousel.txt,scheduled
2026-10-03,六,Threads,真心話,P004,床邊掛袋收納,th_home_202610_p004,posts/P004/threads_confession.txt,scheduled
2026-10-03,六,Threads,丟問題,P005,實木螢幕增高架,th_desk_202610_p005,posts/P005/threads_question.txt,scheduled
2026-10-03,六,Instagram,Reels 文案,P006,桌下理線盒（含束帶）,ig_desk_202610_p006,posts/P006/instagram_reels.txt,scheduled
2026-10-04,日,Threads,前後對比,P007,USB-C 7合1 擴充埠,th_desk_202610_p007,posts/P007/threads_before_after.txt,scheduled
2026-10-04,日,Threads,檔期提醒,P008,人體工學垂直滑鼠,th_desk_202610_p008,posts/P008/threads_campaign.txt,scheduled
2026-10-04,日,Instagram,輪播圖文,P009,迷你氣炸鍋 3.5L,ig_kitchen_202610_p009,posts/P009/instagram_carousel.txt,scheduled
2026-10-05,一,Threads,反直覺觀點,P010,多功能電煮鍋 1.5L,th_kitchen_202610_p010,posts/P010/threads_hot_take.txt,scheduled
2026-10-05,一,Threads,抱怨文,P011,信封預算分帳夾（12格）,th_money_202610_p011,posts/P011/threads_rant.txt,scheduled
2026-10-05,一,Instagram,Reels 文案,P012,無時效手帳記帳本,ig_money_202610_p012,posts/P012/instagram_reels.txt,scheduled
2026-10-06,二,Threads,真心話,P001,免釘壁掛收納架（3入）,th_home_202610_p001,posts/P001/threads_confession.txt,scheduled
2026-10-06,二,Threads,丟問題,P002,衣櫃分層伸縮隔板,th_home_202610_p002,posts/P002/threads_question.txt,scheduled
2026-10-06,二,Instagram,輪播圖文,P003,真空壓縮收納袋（8入）,ig_home_202610_p003,posts/P003/instagram_carousel.txt,scheduled
2026-10-07,三,Threads,前後對比,P004,床邊掛袋收納,th_home_202610_p004,posts/P004/threads_before_after.txt,scheduled
2026-10-07,三,Threads,檔期提醒,P005,實木螢幕增高架,th_desk_202610_p005,posts/P005/threads_campaign.txt,scheduled
2026-10-07,三,Instagram,Reels 文案,P006,桌下理線盒（含束帶）,ig_desk_202610_p006,posts/P006/instagram_reels.txt,scheduled
2026-10-08,四,Threads,反直覺觀點,P007,USB-C 7合1 擴充埠,th_desk_202610_p007,posts/P007/threads_hot_take.txt,scheduled
2026-10-08,四,Threads,抱怨文,P008,人體工學垂直滑鼠,th_desk_202610_p008,posts/P008/threads_rant.txt,scheduled
2026-10-08,四,Instagram,輪播圖文,P009,迷你氣炸鍋 3.5L,ig_kitchen_202610_p009,posts/P009/instagram_carousel.txt,scheduled
2026-10-09,五,Threads,真心話,P010,多功能電煮鍋 1.5L,th_kitchen_202610_p010,posts/P010/threads_confession.txt,scheduled
2026-10-09,五,Threads,丟問題,P011,信封預算分帳夾（12格）,th_money_202610_p011,posts/P011/threads_question.txt,scheduled
2026-10-09,五,Instagram,Reels 文案,P012,無時效手帳記帳本,ig_money_202610_p012,posts/P012/instagram_reels.txt,scheduled
2026-10-10,六,Threads,前後對比,P001,免釘壁掛收納架（3入）,th_home_202610_p001,posts/P001/threads_before_after.txt,scheduled
2026-10-10,六,Threads,檔期提醒,P002,衣櫃分層伸縮隔板,th_home_202610_p002,posts/P002/threads_campaign.txt,scheduled
2026-10-10,六,Instagram,輪播圖文,P003,真空壓縮收納袋（8入）,ig_home_202610_p003,posts/P003/instagram_carousel.txt,scheduled
2026-10-11,日,Threads,反直覺觀點,P004,床邊掛袋收納,th_home_202610_p004,posts/P004/threads_hot_take.txt,scheduled
2026-10-11,日,Threads,抱怨文,P005,實木螢幕增高架,th_desk_202610_p005,posts/P005/threads_rant.txt,scheduled
2026-10-11,日,Instagram,Reels 文案,P006,桌下理線盒（含束帶）,ig_desk_202610_p006,posts/P006/instagram_reels.txt,scheduled
2026-10-12,一,Threads,真心話,P007,USB-C 7合1 擴充埠,th_desk_202610_p007,posts/P007/threads_confession.txt,scheduled
2026-10-12,一,Threads,丟問題,P008,人體工學垂直滑鼠,th_desk_202610_p008,posts/P008/threads_question.txt,scheduled
2026-10-12,一,Instagram,輪播圖文,P009,迷你氣炸鍋 3.5L,ig_kitchen_202610_p009,posts/P009/instagram_carousel.txt,scheduled
2026-10-13,二,Threads,前後對比,P010,多功能電煮鍋 1.5L,th_kitchen_202610_p010,posts/P010/threads_before_after.txt,scheduled
2026-10-13,二,Threads,檔期提醒,P011,信封預算分帳夾（12格）,th_money_202610_p011,posts/P011/threads_campaign.txt,scheduled
2026-10-13,二,Instagram,Reels 文案,P012,無時效手帳記帳本,ig_money_202610_p012,posts/P012/instagram_reels.txt,scheduled
2026-10-14,三,Threads,反直覺觀點,P001,免釘壁掛收納架（3入）,th_home_202610_p001,posts/P001/threads_hot_take.txt,scheduled
2026-10-14,三,Threads,抱怨文,P002,衣櫃分層伸縮隔板,th_home_202610_p002,posts/P002/threads_rant.txt,scheduled
2026-10-14,三,Instagram,輪播圖文,P003,真空壓縮收納袋（8入）,ig_home_202610_p003,posts/P003/instagram_carousel.txt,scheduled
2026-10-15,四,Threads,真心話,P004,床邊掛袋收納,th_home_202610_p004,posts/P004/threads_confession.txt,scheduled
2026-10-15,四,Threads,丟問題,P005,實木螢幕增高架,th_desk_202610_p005,posts/P005/threads_question.txt,scheduled
2026-10-15,四,Instagram,Reels 文案,P006,桌下理線盒（含束帶）,ig_desk_202610_p006,posts/P006/instagram_reels.txt,scheduled
2026-10-16,五,Threads,前後對比,P007,USB-C 7合1 擴充埠,th_desk_202610_p007,posts/P007/threads_before_after.txt,scheduled
2026-10-16,五,Threads,檔期提醒,P008,人體工學垂直滑鼠,th_desk_202610_p008,posts/P008/threads_campaign.txt,scheduled
2026-10-16,五,Instagram,輪播圖文,P009,迷你氣炸鍋 3.5L,ig_kitchen_202610_p009,posts/P009/instagram_carousel.txt,scheduled
2026-10-17,六,Threads,反直覺觀點,P010,多功能電煮鍋 1.5L,th_kitchen_202610_p010,posts/P010/threads_hot_take.txt,scheduled
2026-10-17,六,Threads,抱怨文,P011,信封預算分帳夾（12格）,th_money_202610_p011,posts/P011/threads_rant.txt,scheduled
2026-10-17,六,Instagram,Reels 文案,P012,無時效手帳記帳本,ig_money_202610_p012,posts/P012/instagram_reels.txt,scheduled
2026-10-18,日,Threads,真心話,P001,免釘壁掛收納架（3入）,th_home_202610_p001,posts/P001/threads_confession.txt,scheduled
2026-10-18,日,Threads,丟問題,P002,衣櫃分層伸縮隔板,th_home_202610_p002,posts/P002/threads_question.txt,scheduled
2026-10-18,日,Instagram,輪播圖文,P003,真空壓縮收納袋（8入）,ig_home_202610_p003,posts/P003/instagram_carousel.txt,scheduled
2026-10-19,一,Threads,前後對比,P004,床邊掛袋收納,th_home_202610_p004,posts/P004/threads_before_after.txt,scheduled
2026-10-19,一,Threads,檔期提醒,P005,實木螢幕增高架,th_desk_202610_p005,posts/P005/threads_campaign.txt,scheduled
2026-10-19,一,Instagram,Reels 文案,P006,桌下理線盒（含束帶）,ig_desk_202610_p006,posts/P006/instagram_reels.txt,scheduled
2026-10-20,二,Threads,反直覺觀點,P007,USB-C 7合1 擴充埠,th_desk_202610_p007,posts/P007/threads_hot_take.txt,scheduled
2026-10-20,二,Threads,抱怨文,P008,人體工學垂直滑鼠,th_desk_202610_p008,posts/P008/threads_rant.txt,scheduled
2026-10-20,二,Instagram,輪播圖文,P009,迷你氣炸鍋 3.5L,ig_kitchen_202610_p009,posts/P009/instagram_carousel.txt,scheduled
2026-10-21,三,Threads,真心話,P010,多功能電煮鍋 1.5L,th_kitchen_202610_p010,posts/P010/threads_confession.txt,scheduled
2026-10-21,三,Threads,丟問題,P011,信封預算分帳夾（12格）,th_money_202610_p011,posts/P011/threads_question.txt,scheduled
2026-10-21,三,Instagram,Reels 文案,P012,無時效手帳記帳本,ig_money_202610_p012,posts/P012/instagram_reels.txt,scheduled
2026-10-22,四,Threads,前後對比,P001,免釘壁掛收納架（3入）,th_home_202610_p001,posts/P001/threads_before_after.txt,scheduled
2026-10-22,四,Threads,檔期提醒,P002,衣櫃分層伸縮隔板,th_home_202610_p002,posts/P002/threads_campaign.txt,scheduled
2026-10-22,四,Instagram,輪播圖文,P003,真空壓縮收納袋（8入）,ig_home_202610_p003,posts/P003/instagram_carousel.txt,scheduled
2026-10-23,五,Threads,反直覺觀點,P004,床邊掛袋收納,th_home_202610_p004,posts/P004/threads_hot_take.txt,scheduled
2026-10-23,五,Threads,抱怨文,P005,實木螢幕增高架,th_desk_202610_p005,posts/P005/threads_rant.txt,scheduled
2026-10-23,五,Instagram,Reels 文案,P006,桌下理線盒（含束帶）,ig_desk_202610_p006,posts/P006/instagram_reels.txt,scheduled
2026-10-24,六,Threads,真心話,P007,USB-C 7合1 擴充埠,th_desk_202610_p007,posts/P007/threads_confession.txt,scheduled
2026-10-24,六,Threads,丟問題,P008,人體工學垂直滑鼠,th_desk_202610_p008,posts/P008/threads_question.txt,scheduled
2026-10-24,六,Instagram,輪播圖文,P009,迷你氣炸鍋 3.5L,ig_kitchen_202610_p009,posts/P009/instagram_carousel.txt,scheduled
2026-10-25,日,Threads,前後對比,P010,多功能電煮鍋 1.5L,th_kitchen_202610_p010,posts/P010/threads_before_after.txt,scheduled
2026-10-25,日,Threads,檔期提醒,P011,信封預算分帳夾（12格）,th_money_202610_p011,posts/P011/threads_campaign.txt,scheduled
2026-10-25,日,Instagram,Reels 文案,P012,無時效手帳記帳本,ig_money_202610_p012,posts/P012/instagram_reels.txt,scheduled
2026-10-26,一,Threads,反直覺觀點,P001,免釘壁掛收納架（3入）,th_home_202610_p001,posts/P001/threads_hot_take.txt,scheduled
2026-10-26,一,Threads,抱怨文,P002,衣櫃分層伸縮隔板,th_home_202610_p002,posts/P002/threads_rant.txt,scheduled
2026-10-26,一,Instagram,輪播圖文,P003,真空壓縮收納袋（8入）,ig_home_202610_p003,posts/P003/instagram_carousel.txt,scheduled
2026-10-27,二,Threads,真心話,P004,床邊掛袋收納,th_home_202610_p004,posts/P004/threads_confession.txt,scheduled
2026-10-27,二,Threads,丟問題,P005,實木螢幕增高架,th_desk_202610_p005,posts/P005/threads_question.txt,scheduled
2026-10-27,二,Instagram,Reels 文案,P006,桌下理線盒（含束帶）,ig_desk_202610_p006,posts/P006/instagram_reels.txt,scheduled
2026-10-28,三,Threads,前後對比,P007,USB-C 7合1 擴充埠,th_desk_202610_p007,posts/P007/threads_before_after.txt,scheduled
2026-10-28,三,Threads,檔期提醒,P008,人體工學垂直滑鼠,th_desk_202610_p008,posts/P008/threads_campaign.txt,scheduled
2026-10-28,三,Instagram,輪播圖文,P009,迷你氣炸鍋 3.5L,ig_kitchen_202610_p009,posts/P009/instagram_carousel.txt,scheduled
2026-10-29,四,Threads,反直覺觀點,P010,多功能電煮鍋 1.5L,th_kitchen_202610_p010,posts/P010/threads_hot_take.txt,scheduled
2026-10-29,四,Threads,抱怨文,P011,信封預算分帳夾（12格）,th_money_202610_p011,posts/P011/threads_rant.txt,scheduled
2026-10-29,四,Instagram,Reels 文案,P012,無時效手帳記帳本,ig_money_202610_p012,posts/P012/instagram_reels.txt,scheduled
2026-10-30,五,Threads,真心話,P001,免釘壁掛收納架（3入）,th_home_202610_p001,posts/P001/threads_confession.txt,scheduled
2026-10-30,五,Threads,丟問題,P002,衣櫃分層伸縮隔板,th_home_202610_p002,posts/P002/threads_question.txt,scheduled
2026-10-30,五,Instagram,輪播圖文,P003,真空壓縮收納袋（8入）,ig_home_202610_p003,posts/P003/instagram_carousel.txt,scheduled
2026-10-31,六,Threads,前後對比,P004,床邊掛袋收納,th_home_202610_p004,posts/P004/threads_before_after.txt,scheduled
2026-10-31,六,Threads,檔期提醒,P005,實木螢幕增高架,th_desk_202610_p005,posts/P005/threads_campaign.txt,scheduled
2026-10-31,六,Instagram,Reels 文案,P006,桌下理線盒（含束帶）,ig_desk_202610_p006,posts/P006/instagram_reels.txt,scheduled
